Product Name,Product Features,Price (₹),Rating,Reviews,Product Link,Image URL,Description
Muuchstac Ocean Face Wash for Men | Fight Acne & Pimples,"Brighten Skin, Clears Dirt, Oil Control, Refreshing Feel - Multi-Action Formula (2x100 ml)",208,3.9 out of 5 stars,"13,005",N/A,https://m.media-amazon.com/images/I/71M33O0-KyL._AC_UL320_.jpg,N/A
Garnier Men,"Face Wash, Brightening & Anti-Pollution, TurboBright Double Action, 100 g",174,4.3 out of 5 stars,"32,910",N/A,https://m.media-amazon.com/images/I/615gCt+GzCL._AC_UL320_.jpg,N/A
Garnier Men,"Anti-Pimple Face Wash, Repairs Skin & Balances Oils, AcnoFight, 100 g",161,4.3 out of 5 stars,"26,983",N/A,https://m.media-amazon.com/images/I/618jobvtmgL._AC_UL320_.jpg,N/A
Cetaphil Paraben,"Sulphate-Free Gentle Skin Hydrating Face Wash Cleanser with Niacinamide, Vitamin B5 for Dry to Normal, Sensitive Skin - 125 ml",398,4.3 out of 5 stars,"30,042",N/A,https://m.media-amazon.com/images/I/51O+J5jnXcL._AC_UL320_.jpg,N/A
BEARDO DeTan Face Wash for Men,"200ml | Coffee Facewash, Aloe Vera, Vitamin E | Helps to Reduce Tan | Exfoliates & Hydrates for Smooth & Oil Free Skin",270,4.0 out of 5 stars,"5,092",N/A,https://m.media-amazon.com/images/I/617TtFejmwL._AC_UL320_.jpg,N/A
NIVEA MEN Dark Spot Reduction Face Wash 100 g | With Ginko and Ginseng Extracts for Clean,Healthy & Clear Skin in Summer | 10 X Vitamin C Effect for Radiant Skin |For Dark Spot Reduction,139,4.2 out of 5 stars,"22,881",N/A,https://m.media-amazon.com/images/I/51YUhrYov7L._AC_UL320_.jpg,N/A
NIVEA MEN All in 1 Oil Control Face Wash,Prevents Acne | Removes excess oil and dirt | Reduces Blackheads and Whiteheads | Cooling Menthol | Unclogs & refines pores | 150ml,250,4.2 out of 5 stars,"17,624",N/A,https://m.media-amazon.com/images/I/51POpTT0iIL._AC_UL320_.jpg,N/A
Garnier Men Oil Clear Clay D-Tox Deep Cleansing Icy Face Wash,100gm,174,4.3 out of 5 stars,"12,860",N/A,https://m.media-amazon.com/images/I/613dw2AiEAL._AC_UL320_.jpg,N/A
Minimalist Anti-Acne Salicylic Acid 2% Face Wash For Oily & Acne Prone Skin | With LHA for Pore Cleansing,Oil Control & Sebum Regulation | Sulfate-Free Formula with Zinc for Gentle Exfoliation | Cleanser for Women & Men | 100 ml,284,4.2 out of 5 stars,"19,432",N/A,https://m.media-amazon.com/images/I/514PVblwPdL._AC_UL320_.jpg,N/A
Himalaya MEN Intense Oil Clear Lemon Face Wash,100ml,126,4.1 out of 5 stars,"2,098",N/A,https://m.media-amazon.com/images/I/71UvDMTAjlL._AC_UL320_.jpg,N/A
Beardo 3-in-1 Activated Charcoal Face Wash| Deep Cleanse,"Exfoliate & Detoxify | All-in-One Face Wash for Oily Skin, Dirt & Pollution Removal | Oil Control Face wash for men 200ml",318,4.0 out of 5 stars,"9,275",N/A,https://m.media-amazon.com/images/I/61ECCh12+kL._AC_UL320_.jpg,N/A
Bombay Shaving Company Charcoal Face Wash for Men,Anti Pollution and Brightening | Oil Control Face Wash For Men - 2 x 100g,215,4.0 out of 5 stars,"1,415",N/A,https://m.media-amazon.com/images/I/71niNu+JYlL._AC_UL320_.jpg,N/A
NIVEA MEN Deep Impact Face Wash 100g | With Black Carbon | Intense Clean,For Beard & Face | Removes Oil and Impurities,196,4.0 out of 5 stars,"9,016",N/A,https://m.media-amazon.com/images/I/51eBBB5Qm0L._AC_UL320_.jpg,N/A
The Derma Co Face Wash with 2% Salicylic Acid and 2% Niacinamide,Sali-Cinamide Anti-Acne Face Wash - 80ml,185,4.1 out of 5 stars,"5,375",N/A,https://m.media-amazon.com/images/I/510CTJ7HzeL._AC_UL320_.jpg,N/A
Himalaya Purifying Neem Face Wash,400 ml,287,4.3 out of 5 stars,"58,554",N/A,https://m.media-amazon.com/images/I/51tXjE2WQQL._AC_UL320_.jpg,N/A
DOT & KEY Vitamin C + E Super Bright Gel Face Wash For Glowing And Brightening Skin,All Skin Types|With Triple Vitamin C| Face Wash For Women & Men|100 Ml,224,4.2 out of 5 stars,"2,314",N/A,https://m.media-amazon.com/images/I/61OFfAjyX2L._AC_UL320_.jpg,N/A
Garnier Skin Naturals,"Facewash, Cleansing and Brightening, Bright Complete, 100 g",136,4.2 out of 5 stars,"11,060",N/A,https://m.media-amazon.com/images/I/61Vp0-XHx2L._AC_UL320_.jpg,N/A
WOW Skin Science MEN KOREAN GINSENG + KOJIC ACID Detan Face Wash Gel | Reduces Tan & Dark Spots | GinsengClear™ Technology | Gentle Exfoliation | No Sulphates,Parabens or Silicones | 100ml,235,4.4 out of 5 stars,70,N/A,https://m.media-amazon.com/images/I/51XFkzm807L._AC_UL320_.jpg,N/A
Dove Men+care oil control facewash for men,100ml,295,3.8 out of 5 stars,92,N/A,https://m.media-amazon.com/images/I/51f3ELFOq0L._AC_UL320_.jpg,N/A
The Man Company Activated Charcoal Face Wash for Men - 100ml | Exfoliating & Brightening Face Wash | Enriched with Ylang Ylang & Argan Essential Oils | Anti Pollution,Acne Oil Control | Deep Cleansing | Blackheads Removal,261,4.0 out of 5 stars,"4,445",N/A,https://m.media-amazon.com/images/I/519ql3Edf6L._AC_UL320_.jpg,N/A
Garnier Men,"Face Wash, Brightening & Anti-Pollution, TurboBright Double Action, 150 g",379,4.3 out of 5 stars,"10,030",N/A,https://m.media-amazon.com/images/I/41iJCB7dx0L._AC_UL320_.jpg,N/A
Mamaearth Ubtan Natural Glow Face Wash with Turmeric & Saffron,For Tan Removal & Skin brightening | SLS & Paraben Free | For All Skin Type | For Men & Women | 100 ml,226,4.1 out of 5 stars,"54,343",N/A,https://m.media-amazon.com/images/I/71Wbdf1ML-L._AC_UL320_.jpg,N/A
Pond's Men Energy Bright Anti-Dullness Facewash With Coffee Bean,100 g,226,4.1 out of 5 stars,"5,350",N/A,https://m.media-amazon.com/images/I/510wyhhk4oL._AC_UL320_.jpg,N/A
NIVEA MEN Oil Control Face Wash 100 g,With Magnolia Bark Extracts for 12 Hr Oil Control in Summer | 10 X Vitamin C Effect for Radiant Skin | For Oily Skin,171,4.2 out of 5 stars,"6,659",N/A,https://m.media-amazon.com/images/I/518dzqKFp8L._AC_UL320_.jpg,N/A
Chemist at Play 30x Vitamin C Face Wash,Cleans Oil & Dirt | Fades Dark Spots | Improves Radiance | For All Skin Types | For Men & Women | Vegan | SLS & Paraben Free | 100 ml,258,4.4 out of 5 stars,"1,326",N/A,https://m.media-amazon.com/images/I/41AS9IylxPL._AC_UL320_.jpg,N/A
Pond's Men Pollution Out Activated Charcoal Deep Clean Facewash,100 g,203,4.2 out of 5 stars,"5,864",N/A,https://m.media-amazon.com/images/I/511r4y4kGmL._AC_UL320_.jpg,N/A
Dove Men+care Hydration Boost facewash for men,100ml,270,4.3 out of 5 stars,90,N/A,https://m.media-amazon.com/images/I/51-BF7mkZhL._AC_UL320_.jpg,N/A
Himalaya Herbls Men Pimple Clear Neem Face Wash,100ml,145,4.1 out of 5 stars,"3,887",N/A,https://m.media-amazon.com/images/I/61KXRuyhF5S._AC_UL320_.jpg,N/A
Everyuth Naturals Brightening Lemon&Cherry Face Wash|Deep Cleansing,Oil Control&Tan Reduction|Simple Face Wash|Removes Dirt&Oil|100% Soapfree|For All Skin Types|Paraben Free - 150 G (Pack Of 2),157,4.1 out of 5 stars,"1,340",N/A,https://m.media-amazon.com/images/I/71YrSd5xrGL._AC_UL320_.jpg,N/A
Simple Kind To Skin Refreshing,Facial Wash 150 ml,222,4.3 out of 5 stars,"23,371",N/A,https://m.media-amazon.com/images/I/51lV2Pem64L._AC_UL320_.jpg,N/A
Bombay Shaving Company Coffee Face Wash for Men & Women (Pack of 2) - Deep-Cleanses,De-Tans & Blackhead Removal | Made in India,206,4.1 out of 5 stars,677,N/A,https://m.media-amazon.com/images/I/71jdbk8G0UL._AC_UL320_.jpg,N/A
Garnier Men,"Face Wash, Brightening & TurboBright Double Action, 100 g",181,4.1 out of 5 stars,"3,683",N/A,https://m.media-amazon.com/images/I/61rrexFJZoL._AC_UL320_.jpg,N/A
Mamaearth Rice Face Wash With Rice Water & Niacinamide for Glass Skin,For Hydrated & Even skin Tone | Korean skin Care | All skin Types | For Men & Women | 100 ml,192,4.2 out of 5 stars,"6,960",N/A,https://m.media-amazon.com/images/I/71nOTD06ogL._AC_UL320_.jpg,N/A
Himalaya MEN Power Glow Licorice Face Wash,100ml,126,4.1 out of 5 stars,"1,806",N/A,https://m.media-amazon.com/images/I/61eW+XZDCdS._AC_UL320_.jpg,N/A
DERMATOUCH Bye Bye Pigmentation Face Wash || Anti Pigmentation for Women/Men with Niacinamide,"Kojic Acid, & Glutathione - 70G",163,4.0 out of 5 stars,"2,694",N/A,https://m.media-amazon.com/images/I/61rbdEO+yNL._AC_UL320_.jpg,N/A
Pond's Men Pimple Clear Facewash,100 g,165,4.0 out of 5 stars,"2,274",N/A,https://m.media-amazon.com/images/I/51fBughwfaL._AC_UL320_.jpg,N/A
Kozicare Kojic Acid & Glutathione Face Wash,For Women & Men | Face Cleanser & Skin Care - 100 Ml,169,4.3 out of 5 stars,618,N/A,https://m.media-amazon.com/images/I/41Y0Up7Lv1L._AC_UL320_.jpg,N/A
Mamaearth Vitamin C Face Wash for Women & Men 250ml- Toxin-Free & Oil-Free Face Wash for Acne-Prone,Dry & Oily Skin - Illuminates Skin,423,4.0 out of 5 stars,"8,236",N/A,https://m.media-amazon.com/images/I/51IVaQ1Y2tL._AC_UL320_.jpg,N/A
DERMATOUCH Bright & Even Tone Face Wash with Niacinamide,"Vitamin E and Kojic Acid | Daily Gentle Face Wash For Tan, Pigmentation, Uneven Tone - 70G",183,4.1 out of 5 stars,"2,906",N/A,https://m.media-amazon.com/images/I/61XJG2lJD0L._AC_UL320_.jpg,N/A
Himalaya Purifying Neem Face Wash,Clinically proven to fight against acne and pimples|Gently cleanses|100% naturally derived Neem|Works from 1st wash|For both men and women|150 ml,140,4.4 out of 5 stars,"11,311",N/A,https://m.media-amazon.com/images/I/61szHmyNAPL._AC_UL320_.jpg,N/A
Foxtale Vitamin C Super Glow Face Wash with Papaya enzyme,Reduces Tan | Boosts Glow | Gently Exfoliates & Brightens Skin | Reduces Pigmentation | Face Wash for Men & Women- 100ml,210,4.3 out of 5 stars,36,N/A,https://m.media-amazon.com/images/I/61kcLquxtcL._AC_UL320_.jpg,N/A
BOMBAY SHAVING COMPANY Charcoal Facewash for Men,150g x 2 | Excess Oil Control Face Wash,284,3.9 out of 5 stars,"1,620",N/A,https://m.media-amazon.com/images/I/81IO5adc-JL._AC_UL320_.jpg,N/A
POND'S Bright Miracle Detox Facewash | 10X Power of Activated Charcoal| For Deep Cleaned Skin | Reveals Glow,"Pollution Clear Face Wash, 200gm",257,4.3 out of 5 stars,"8,871",N/A,https://m.media-amazon.com/images/I/51AmjNNFiyL._AC_UL320_.jpg,N/A
DERMATOUCH Salicylic Acid 2% Face Wash,For Acne & Oil Control | Suitable to All Skin Types | For both Men & Women | 100ML,169,4.1 out of 5 stars,"1,412",N/A,https://m.media-amazon.com/images/I/61GGndkNNhL._AC_UL320_.jpg,N/A
Man Matters Clear 2% Salicylic Acid Face Wash for Men | Helps to Reduce Acne,"Dark Spots & Oil Production | Formulated with Salicylic Acid, Neem Extract and Menthol | 100ml",249,4.0 out of 5 stars,375,N/A,https://m.media-amazon.com/images/I/71wGOF+ld0L._AC_UL320_.jpg,N/A
Ethiglo Deep Cleansing Facial Foam Face Wash for Healthy,"Soft and Smooth Skin | Removes Dirt, Impurities and Excess Oil | Suitable for All Skin Types | Pack of 1 (200ml)",494,4.3 out of 5 stars,"4,297",N/A,https://m.media-amazon.com/images/I/41x842EN1XL._AC_UL320_.jpg,N/A
Garnier Skin Naturals Bright Complete Vitamin C Face Wash - Vitamin C Face Wash For Brighter and Glowing Skin - Daily Cleanser Suitable For all Skin Types,150g,175,4.2 out of 5 stars,"8,899",N/A,https://m.media-amazon.com/images/I/61nVOy19a-L._AC_UL320_.jpg,N/A
O3+ ALPHA MEN Bright Glow,Face Wash 100g,220,3.6 out of 5 stars,143,N/A,https://m.media-amazon.com/images/I/51PY5FeBTVL._AC_UL320_.jpg,N/A
Himalaya Oil Clear Lemon Face Wash,200ml,261,4.1 out of 5 stars,"9,680",N/A,https://m.media-amazon.com/images/I/71zHek-5cZL._AC_UL320_.jpg,N/A
O3+ ALPHA MEN Acno D-TAN Face Wash with Tea Tree 100g for Oily Skin,Detan Face Wash for TAN Removal | Removes Acne and Dirt,245,4.0 out of 5 stars,685,N/A,https://m.media-amazon.com/images/I/51lrbSy0H-L._AC_UL320_.jpg,N/A
Pond's Detan Face Wash for Tan Removal in Just 7 Days | Contains Vitamin C and Niacinamide | Facewash for All Skin Types,100gm,137,4.2 out of 5 stars,"1,160",N/A,https://m.media-amazon.com/images/I/51SZjDkxtZL._AC_UL320_.jpg,N/A
Himalaya Purifying Neem Face Wash,Clinically proven to fight against acne and pimples|Gently cleanses|100% naturally derived Neem|Works from 1st wash|For both men and women| 50 ml,75,4.3 out of 5 stars,"6,885",N/A,https://m.media-amazon.com/images/I/61vN7PG9yVL._AC_UL320_.jpg,N/A
Himalaya Tan Removal Orange Face Wash,100ml,136,4.2 out of 5 stars,"5,598",N/A,https://m.media-amazon.com/images/I/71MwmlO5duL._AC_UL320_.jpg,N/A
The Derma Co 1% Kojic Acid Face Wash | With Niacinamide & Alpha Arbutin | Reduces Dark Spots,Pigmentation & Blemishes | Cleanses & Brightens Skin | Non-Drying Formula | For All Skin Types | 100 ml,244,4.1 out of 5 stars,"2,753",N/A,https://m.media-amazon.com/images/I/51Z4f3jB+lL._AC_UL320_.jpg,N/A
WOW Skin Science MEN CHARCOAL + NIACINAMIDE Oil-Control Face Wash | Absorbs Excess Oil & Deep Cleanses | NiaVolcanite™ Technology | No Sulphates,"Parabens, or Silicones | 100ml",205,4.5 out of 5 stars,46,N/A,https://m.media-amazon.com/images/I/51z-8bqX+eL._AC_UL320_.jpg,N/A
Bombay Shaving Company Charcoal Face Wash,"Fights Pollution and Acne, Oil Control For Men & Women - 100g",127,4.1 out of 5 stars,"3,329",N/A,https://m.media-amazon.com/images/I/71rpOKFBWSL._AC_UL320_.jpg,N/A
POND's Bright Beauty Anti-Dullness & Brightening Facewash With Niacinamide | For Glass-Skin Like Shine And With 4X Visibly Brighter Skin,200Gm,185,4.3 out of 5 stars,"10,220",N/A,https://m.media-amazon.com/images/I/512dChFNuXL._AC_UL320_.jpg,N/A
L'Oreal Paris PROFESSIONAL PARIS Men Expert,Pure Charcoal Purifying Daily Face Wash for Men - 100ml,870,4.1 out of 5 stars,137,N/A,https://m.media-amazon.com/images/I/81B-p1+a5dL._AC_UL320_.jpg,N/A
L'Oreal Paris Hydra Energetic Wake-Up Effect Face Wash,100g,430,4.3 out of 5 stars,114,N/A,https://m.media-amazon.com/images/I/51AyFckYvrL._AC_UL320_.jpg,N/A
Plum Green Tea Pore Cleansing Face Wash for Oily,"Acne Prone, Dry & Combination Skin | with Glycolic Acid | Fight Pimples & Control Excess Oil | Gentle Exfoliating & Non-Drying | Women & Men | 100ml",275,4.2 out of 5 stars,"14,751",N/A,https://m.media-amazon.com/images/I/51mpdvuPi+L._AC_UL320_.jpg,N/A
WOW Skin Science Ubtan Cleansing Face Wash | Turmeric & Saffron | All Skin Types | Clear,Glowing Skin | 100% Vegan | Paraben & Sulphates Free | For Women & Men | 100 ml,264,4.0 out of 5 stars,"15,515",N/A,https://m.media-amazon.com/images/I/51gzFTOzbML._AC_UL320_.jpg,N/A
Minimalist 7% ALA + Glycolic Brightening Face Wash | Cleanser with ALA For Glowing Skin,AHA for Exfoliation and Vitamin B5 For Hydration | Sulphate-free | Fragrance-free | For Women & Men | 100 ml,399,4.1 out of 5 stars,"2,245",N/A,https://m.media-amazon.com/images/I/51SRCp9dInL._AC_UL320_.jpg,N/A
Fair & Lovely Glow & Handsome Instant Brightness Rapid Action Facewash,100 g,199,4.2 out of 5 stars,"1,860",N/A,https://m.media-amazon.com/images/I/61KOqdEvSyL._AC_UL320_.jpg,N/A
Beardo Ultraglow Face Wash for Men | Red Algae,"White Lily & Menthol for Brightened, Hydrated and Refreshing Skin | Face Wash for Tone Brightening and Glowing Skin | Suitable for All Skin Types | 100ml",248,4.0 out of 5 stars,"2,905",N/A,https://m.media-amazon.com/images/I/51yo7L9eShL._AC_UL320_.jpg,N/A
O3+ ALPHA MEN Acno D-TAN Face Wash with Hyaluronic & Mint | Fights Blackheads & Detoxifies Skin,50ml,125,3.7 out of 5 stars,167,N/A,https://m.media-amazon.com/images/I/51Vf1tL2eTL._AC_UL320_.jpg,N/A
NIVEA MEN Dark Spot Reduction Face Wash 100 g (Pack of 3)| With Ginko and Ginseng Extracts for Clean,Healthy & Clear Skin | 10 X Vitamin C Effect for Radiant Skin |For Dark Spot Reduction,595,4.3 out of 5 stars,"6,393",N/A,https://m.media-amazon.com/images/I/6144327llvL._AC_UL320_.jpg,N/A
NIVEA Luminous Even Glow Face wash with an oil free formula,"infused with AHA, Aloe vera, Guarana Extracts, Deeply cleanses, for Normal & Sensitive Skin, For Women & Men| 100ml",185,4.3 out of 5 stars,223,N/A,https://m.media-amazon.com/images/I/519aC-Ru7cL._AC_UL320_.jpg,N/A
HE De-Tan & Deep Cleansing Face Wash | Removes Tan,"Fights Pollution, Helps Prevent Oiliness & Pimples, Cools & refreshes | With Charcoal, Vetiver Root Extracts, Salicylic Acid, Refreshing Menthol | Long Lasting Freshness | For All Skin Types 100ml",124,4.0 out of 5 stars,26,N/A,https://m.media-amazon.com/images/I/615xHLZEtKL._AC_UL320_.jpg,N/A
Patanjali Men's Charcoal Active Face Wash 100g,"Deep Cleansing Face Wash for Men, Oil Control, Acne Removal & Refreshing Glow, Activated Charcoal for Oily Skin, Dirt & Pollution Removal",110,4.5 out of 5 stars,20,N/A,https://m.media-amazon.com/images/I/51GQ8cIR1fL._AC_UL320_.jpg,N/A
Raw Essentials Vitamin C Cleansing and Brightening Face Wash,"Orange and Lemon extracts, Aloe vera, Vitamin E, Licorice Extracts, Mint (Menthol) for All Skin Types, (150ml, Pack of 1), Face Wash for Men & Women, 100% Natural Actives, Sulphate & Paraben Free",199,4.4 out of 5 stars,175,N/A,https://m.media-amazon.com/images/I/61F1GKJWp3L._AC_UL320_.jpg,N/A
Pond's Pure Detox Anti-Pollution Purity Face Wash With Activated Charcoal Deep Cleans Impurities Dirt And Pollution For 2X Brighter Glowing Skin,150 g,234,4.3 out of 5 stars,"13,913",N/A,https://m.media-amazon.com/images/I/51gNeZyT97L._AC_UL320_.jpg,N/A
WOW Skin Science Japanese Yuzu + Vitamin C with Ceramide Brightening Face Wash,500x Vitamin C | For Strengthened Glowing Skin | Paraben-Free Gentle Cleanser with Orange Peel & Camu Camu | 100ml,259,4.9 out of 5 stars,130,N/A,https://m.media-amazon.com/images/I/51ic8U0SaPL._AC_UL320_.jpg,N/A
The Man Company Glow Pro Face Wash for Men - 100ml | Enriched with Glutathione,"Charcoal | Instant Glow, Deep Cleansing & Evens Skin Tone | Men's Face Wash for Dry Skin | Toxin Free",262,3.8 out of 5 stars,257,N/A,https://m.media-amazon.com/images/I/51ZsSA3GkEL._AC_UL320_.jpg,N/A
Sirona Natural Exfoliating Face Wash for Men & Women - 125 ml,Suitable For All Skin Type,203,4.1 out of 5 stars,"6,518",N/A,https://m.media-amazon.com/images/I/61ENCL-JpoL._AC_UL320_.jpg,N/A
Lotus Professional PHYTORx Whitening & Brightening Face Wash for Women & Men | Cleanser for Normal to Dry Skin| Pore Refining Brightening | Alcohol & Sulphate Free Cleanser for Glowing skin,80GM,362,4.3 out of 5 stars,"2,414",N/A,https://m.media-amazon.com/images/I/51Bm2oOcXFL._AC_UL320_.jpg,N/A
Nat Habit Ubtan Face Wash,"Fresh Daily Tikta For Men & Women, Skin Brightening With Activated Wild Turmeric, Suitable For All Skin Types, Chemical & Sulphate Free, 100g",247,4.3 out of 5 stars,"1,058",N/A,https://m.media-amazon.com/images/I/51OTOMQXvyL._AC_UL320_.jpg,N/A
WOW Skin Science Brightening Vitamin C & Niacinamide Face Wash,For Brighter Glow | Paraben & Sulphates Free | Face Wash for Women & Men | 25 ml,92,3.7 out of 5 stars,258,N/A,https://m.media-amazon.com/images/I/61OvUDlMwkL._AC_UL320_.jpg,N/A
Gabit Salicylic Acid Face Wash for Oily,"Acne Prone Skin | Deeply Cleanse Pores, Exfoliates & Non-drying | Green Tea, ProVitamin B5, Zinc PCA | For Men & Women | Free of Sulphates, Soap & Oil | 100 ml",331,4.1 out of 5 stars,150,N/A,https://m.media-amazon.com/images/I/41o55jIfbbL._AC_UL320_.jpg,N/A
Garnier Men Acno Fight Anti-Pimple Facewash,50gm,119,4.2 out of 5 stars,519,N/A,https://m.media-amazon.com/images/I/51CPLRbRU3L._AC_UL320_.jpg,N/A
NIVEA All-In-1 Face Wash,50 g (Pack of 1),135,4.3 out of 5 stars,"2,480",N/A,https://m.media-amazon.com/images/I/71CZfjkX7FL._AC_UL320_.jpg,N/A
Dot & Key CICA Face Wash for Acne Prone Skin,2% Salicylic Acid with Green Tea | For Oily & Sensitive Skin | Sulphate Free for Men & Women | Oil Control Face Wash with Zinc | 100ml,224,4.2 out of 5 stars,"4,310",N/A,https://m.media-amazon.com/images/I/61yCmQiW9kL._AC_UL320_.jpg,N/A
Biotique Papaya Deep Cleanse Face Wash,Gentle Exfoliation | Visibly Glowing Skin | 100% Botanical Extracts| Suitable for All Skin Types | 2x100ml,182,4.1 out of 5 stars,"29,701",N/A,https://m.media-amazon.com/images/I/714UqmZnmbL._AC_UL320_.jpg,N/A
DOT & KEY Barrier Repair + Hydrating Gentle Face Wash With Probiotic | Ceremide Face Wash | For Dry Skin,"Normal Skin & Sensitive Skin | Gently Cleanses Skin From Dirt & Oil For Unisex,100Ml",224,4.3 out of 5 stars,"4,431",N/A,https://m.media-amazon.com/images/I/51zYqsEPSHL._AC_UL320_.jpg,N/A
Everyuth Naturals Brightening Lemon & Cherry Face Wash|Deep Cleansing,Oil Control & Tan Reduction|Simple Face Wash|Removes Dirt & Oil|100% Soapfree| For All Skin Types|Paraben Free - 150 g,90,4.1 out of 5 stars,"1,535",N/A,https://m.media-amazon.com/images/I/71-qPhS1WqL._AC_UL320_.jpg,N/A
CeraVe Foaming Cleanser For Normal To Oily Skin (473ml) - Dermatologist-Developed Facewash,Non-Comedogenic And Fragrance-Free Cleansers For Acne-Prone Skin,"1,485",4.3 out of 5 stars,"45,352",N/A,https://m.media-amazon.com/images/I/611EHKjEmBL._AC_UL320_.jpg,N/A
CeraVe Hydrating Cleanser For Normal To Dry Skin (236ml) - Non-Foaming Face Wash with Hyaluronic Acid And Ceramides | Non-Comedogenic,Non-Irritating And Fragrance-Free Cleanser,621,4.3 out of 5 stars,"31,251",N/A,https://m.media-amazon.com/images/I/61pwYY8Hp7L._AC_UL320_.jpg,N/A
Man Matters 1% Salicylic Acid Oil Control Face & Beard Wash For Men| Fights Acne,& Beard Dandruff| 1% Glycolic Acid | Reduces Excess Oil and Exfoliates Skin Gently | 120 ml,299,3.8 out of 5 stars,799,N/A,https://m.media-amazon.com/images/I/71rqSKNnouL._AC_UL320_.jpg,N/A
Lacto Calamine Face Wash For Oily Skin |100ml each- Pack of 2 | Kaolin Clay,"Niacinamide & Vitamin E | Facewash Reduces Excess Oil, Controls Pimples, Blackheads & Whiteheads |Face wash For Women & Men",179,4.0 out of 5 stars,"5,436",N/A,https://m.media-amazon.com/images/I/61P-BuPF0jL._AC_UL320_.jpg,N/A
NIVEA Men Face Wash,"Dark Spot Reduction, for Clean & Clear Skin with 10x Vitamin C Effect, 50 g",110,3.8 out of 5 stars,180,N/A,https://m.media-amazon.com/images/I/51iZDesybqL._AC_UL320_.jpg,N/A
Ethiglo Deep Cleansing Facial Foam Face Wash for Healthy,"Soft and Smooth Skin | Removes Dirt, Impurities and Excess Oil | Suitable for All Skin Types | Pack of 1 (70ml)",246,4.2 out of 5 stars,"7,912",N/A,https://m.media-amazon.com/images/I/41w8svlAv1L._AC_UL320_.jpg,N/A
Garnier Men Tubro Bright Anti-Dark Cells Fairness Face Wash,50g,119,4.1 out of 5 stars,174,N/A,https://m.media-amazon.com/images/I/41QHfCK+D6L._AC_UL320_.jpg,N/A
Sebamed Clear Face Cleansing Foam for Acne prone Skin 150 ml I pH 5.5 I Gentle,Effective hydrating cleanser for pimples | Face wash |men & womenl Oil Free l Clinically proven l Toxin free,664,4.3 out of 5 stars,"3,919",N/A,https://m.media-amazon.com/images/I/41cEoi03gAL._AC_UL320_.jpg,N/A
Smart And Handsome Instant Brightening Face Wash |Washes off Fine Pollutants*|Fades Dark Spots | Oil-Free Look,Instantly | Power of Niacinamide and Menthol | 150g,254,4.1 out of 5 stars,"1,260",N/A,https://m.media-amazon.com/images/I/712aztJIj9L._AC_UL320_.jpg,N/A
CeraVe SA Smoothing Cleanser For Dry,"Rough & Bumpy Skin, contains Salicylic Acid, Dermatologist Recommended Face wash (236ml)","1,125",4.6 out of 5 stars,"61,162",N/A,https://m.media-amazon.com/images/I/51aVAhCePFL._AC_UL320_.jpg,N/A
Himalaya Herbals Moisturizing Aloe Vera Face Wash Cream,50ml,75,4.1 out of 5 stars,"25,852",N/A,https://m.media-amazon.com/images/I/514utzZuNsL._AC_UL320_.jpg,N/A
Garnier Men Acno Fight Anti Pimple Face Wash,"Anti Pimple Face Wash with Salicylic Acid and Herba Repair, Suitable for all Skin Types, 150g",296,4.4 out of 5 stars,81,N/A,https://m.media-amazon.com/images/I/51BhB3aP-gL._AC_UL320_.jpg,N/A
Garnier Men Acno Fight Anti Pimple Face Wash,"Anti Pimple Face Wash with Salicylic Acid and Herba Repair, Suitable for all Skin Types, 150g",296,4.4 out of 5 stars,81,N/A,https://m.media-amazon.com/images/I/51BhB3aP-gL._AC_UL320_.jpg,N/A
Cetaphil Oily Skin Cleanser,"Daily Face Wash for Oily, Acne prone Skin , Gentle Foaming, 125ml",649,4.3 out of 5 stars,"13,120",N/A,https://m.media-amazon.com/images/I/51RZjGsfF5L._AC_UL320_.jpg,N/A
Clean & Clear Foaming Facewash for Oily Skin,"Brown, 240ml",259,4.4 out of 5 stars,"8,948",N/A,https://m.media-amazon.com/images/I/51JjTXvhsbL._AC_UL320_.jpg,N/A
Neutrogena Oil Free Acne Wash | Deep Cleansing Face Wash with Salicylic Acid | Hydrating,"Alcohol Free, Non Comedogenic & Dermatologically Tested | For Oily Acne Prone Skin | 175ml",720,4.2 out of 5 stars,"10,046",N/A,https://m.media-amazon.com/images/I/5171tsojQ1L._AC_UL320_.jpg,N/A
Garnier Men,"Moisturiser, Brightening and Anti-Pollution, TurboBright, 40 g",109,4.1 out of 5 stars,"8,386",N/A,https://m.media-amazon.com/images/I/51L2JRZvxxL._AC_UL320_.jpg,N/A
Neutrogena Ultra Gentle Foaming Cleanser,Face Wash for All Skin Types including Sensitive Skin | 6X Gentler Cleansing with Barriercare Technology for Men & Women | Cleanses Dirt and Oil | Hydrates & Protects Skin Barrie,461,4.7 out of 5 stars,134,N/A,https://m.media-amazon.com/images/I/41H5K59KrPL._AC_UL320_.jpg,N/A
Pilgrim Australian Vitamin C Gel Face Wash for for dry/radiant/glowing skin with Kakadu Plum & Lime Pearl™,Women & Men | 100 ml,190,4.0 out of 5 stars,449,N/A,https://m.media-amazon.com/images/I/51O5v4gkTVL._AC_UL320_.jpg,N/A
Mamaearth Tea Tree Oil Control Face Wash,Controls Acne & Pimples | Removes Excess Oil | For Oily and Sensitive Skin | For Men & Women | 250 ml,405,4.1 out of 5 stars,"23,203",N/A,https://m.media-amazon.com/images/I/51rw8tlGINL._AC_UL320_.jpg,N/A
CeraVe Foaming Cleanser For Normal To Oily Skin (236ml) - Dermatologist-Developed Facewash,Non-Comedogenic And Fragrance-Free Cleansers For Acne-Prone Skin,"1,035",4.5 out of 5 stars,"34,427",N/A,https://m.media-amazon.com/images/I/61wnTty2EBL._AC_UL320_.jpg,N/A
Plum 2% Niacinamide Simply Bright Face Wash With Rice Water | Brightens Skin,Helps Fade Blemishes | Softens & Smoothens Skin | Gentle & Non-Drying | Women & Men | 100% Vegan | 100 ml,268,4.2 out of 5 stars,477,N/A,https://m.media-amazon.com/images/I/51BzWs1nmpL._AC_UL320_.jpg,N/A
The Man Company De Tan Face Wash for Men with Turmeric & Moringa | Tan Removal,"Oil Control & Anti-Pollution | Unclog Pores | Deep Cleansing | Blackheads Removal - 100ml, Pack of 2",323,3.9 out of 5 stars,"1,169",N/A,https://m.media-amazon.com/images/I/61HJ4ytSqoL._AC_UL320_.jpg,N/A
Smart And Handsome Instant Radiance Oil Clear Face Wash,All Day Oil-Free Look | Fades Pimple Marks | Reduces Blackheads | With 2% Salicylic Acid | 150GM,157,5.0 out of 5 stars,4,N/A,https://m.media-amazon.com/images/I/71tLEBtZcoL._AC_UL320_.jpg,N/A
Neutrogena Deep Clean Gentle Facial Cleanser,2x Glycerin & Cleansing Agent | Alcohol-Free | Dermatologist Tested | Normal to Oily Skin | For Men and Women | 200ml,435,4.3 out of 5 stars,"8,813",N/A,https://m.media-amazon.com/images/I/51uZGy0RM9L._AC_UL320_.jpg,N/A
The Man Company Vitamin C Face Wash (Buy 1 Get 1 FREE) with Turmeric and Moringa,Paraben Free - 100ml,349,4.1 out of 5 stars,"1,704",N/A,https://m.media-amazon.com/images/I/61cdAPcJASL._AC_UL320_.jpg,N/A
Biotique Honey Gel Soothe & Nourish Foaming Face wash,Soap Free Formula | Reduce Dryness | 100% Botanical Extracts | Suitable for All Skin Types | 150ml,178,4.2 out of 5 stars,"31,571",N/A,https://m.media-amazon.com/images/I/61pRkRs9OQL._AC_UL320_.jpg,N/A
Biotique Fruit Brightening Face Wash,Ayurvedic and Organically Pure| Advanced Swiss Technology |100% Botanical Extracts| Suitable for All Skin Types | 200mL,191,4.0 out of 5 stars,"27,619",N/A,https://m.media-amazon.com/images/I/51ym8rbYGrL._AC_UL320_.jpg,N/A
Rustic Art Organic Sandal Face Wash Concentrate | Combination to All Skin Types | Deep Cleansing,Glowing Skin | Women & Men | 50 Gm (Pack Of 2),360,4.1 out of 5 stars,"2,854",N/A,https://m.media-amazon.com/images/I/81PNBonJdHL._AC_UL320_.jpg,N/A
CeraVe Foaming Cleanser For Normal To Oily Skin (88ml) - Dermatologist-Developed Facewash,Non-Comedogenic And Fragrance-Free Cleansers For Acne-Prone Skin,416,4.2 out of 5 stars,"1,168",N/A,https://m.media-amazon.com/images/I/511TWfm2HsL._AC_UL320_.jpg,N/A
Nivea Men Dark Spot Reduction Face Wash,50ml,96,4.6 out of 5 stars,6,N/A,https://m.media-amazon.com/images/I/718qmPRobKL._AC_UL320_.jpg,N/A
Himalaya Herbals Purifying Neem Face Wash,300ml,299,4.3 out of 5 stars,"20,082",N/A,https://m.media-amazon.com/images/I/51+G-gu2CcL._AC_UL320_.jpg,N/A
WOW Skin Science MEN OAT EXTRACT + 2% SALICYLIC ACID Anti-Acne Face Wash | Targets Acne & Prevents Breakouts | SalicShield™ Technology | No Sulphates,Parabens or Silicones | 100ml,205,5.0 out of 5 stars,24,N/A,https://m.media-amazon.com/images/I/51-PLH1aliL._AC_UL320_.jpg,N/A
The Face Shop Rice Water Bright Foaming Face Wash 100ml | Face Wash for Glowing Skin | Cleanser for Uneven Skin Tone | Korean Skin Care,For Oily skin,562,4.2 out of 5 stars,"1,633",N/A,https://m.media-amazon.com/images/I/41OfmjHy83L._AC_UL320_.jpg,N/A
Garnier Bright Complete BRIGHTENING DUO ACTION Face Wash,100g,146,4.3 out of 5 stars,"4,856",N/A,https://m.media-amazon.com/images/I/61Cuji9pS1L._AC_UL320_.jpg,N/A
Minimalist 5% Aquaporin Booster,Hydrating Face Wash For Dry Skin with Hyaluronic Acid | Sulphate Free | Non-drying Cleanser | For Women & Men (100 ml),299,4.2 out of 5 stars,"1,889",N/A,https://m.media-amazon.com/images/I/51y+n-G0fJL._AC_UL320_.jpg,N/A
Mamaearth Ubtan Natural Glow Face Wash with Turmeric & Saffron,For Tan Removal & Skin brightening | SLS & Paraben Free | For All Skin Type | For Men & Women | 150 ml,339,4.1 out of 5 stars,"54,343",N/A,https://m.media-amazon.com/images/I/51nsn+VWNgL._AC_UL320_.jpg,N/A
Mantittude Activated Bamboo Charcoal Face Wash For Men,"Deeply cleanses the skin, removes dirt and oil deposits due to pollution, and controls oil production, suitable for all skin types 100ml",347,4.5 out of 5 stars,62,N/A,https://m.media-amazon.com/images/I/71K-wubyZxL._AC_UL320_.jpg,N/A
Dr. Sheth's Ceramide & Vitamin C Brightening Face Wash | Gently Cleanses,"Hydrates & Reduces Dark Spots | For Normal, Oily & Combination Skin | For Men & Women | 100 mL",285,4.2 out of 5 stars,751,N/A,https://m.media-amazon.com/images/I/516Islx-h2L._AC_UL320_.jpg,N/A
Cetaphil Gentle Skin Cleanser,"Hydrating Face Wash for Dry to Normal Skin ,Soap Free & Non irritating 1Ltr","1,594",4.4 out of 5 stars,"3,159",N/A,https://m.media-amazon.com/images/I/51kVDcsa2gL._AC_UL320_.jpg,N/A
L'Oreal Paris Glycolic Bright Daily Foaming Face Cleanser,100ml | Glycolic Acid Face Wash for Dull Skin | Daily Glowing Facial Cleanser | Suitable for All Skin Types,191,4.2 out of 5 stars,"3,798",N/A,https://m.media-amazon.com/images/I/51nuoY9YGTL._AC_UL320_.jpg,N/A
Himalaya Dark Spot Clearing Turmeric Face Wash,Reduce dark spots in 7 days | Organically sourced & Cold-pressed turmeric | 100ml,134,4.1 out of 5 stars,"1,122",N/A,https://m.media-amazon.com/images/I/71DInYYVWRL._AC_UL320_.jpg,N/A
The Derma Co 2% Niacinamide Oily Skin Cleanser for Sensitive,Oily & Combination Skin 125 ml Non-Irritant | 100% Soap-Free | Non-Drying | Gently Cleanses Makeup | With 0.1% ww Salicylic Acid,250,4.1 out of 5 stars,"1,134",N/A,https://m.media-amazon.com/images/I/41QTobpp1iL._AC_UL320_.jpg,N/A
Joy Activated Charcoal Face Wash for Oily Skin 150ml x 2 | Controls Oil & Removes Dirt & Blackheads | Fights Pollution,Reduces Acne & Pimples For a Clearer & Smoother Skin,297,4.1 out of 5 stars,"2,407",N/A,https://m.media-amazon.com/images/I/71bNOhLyl8L._AC_UL320_.jpg,N/A
Fair & Lovely Glow &,Handsome Instant Brightness Rapid Action Facewash 50g,105,4.0 out of 5 stars,"1,060",N/A,https://m.media-amazon.com/images/I/51CoF2cWu8L._AC_UL320_.jpg,N/A
Cetaphil Paraben,"Sulphate-Free Gentle Skin Hydrating Face Wash Cleanser with Niacinamide, Vitamin B5 for Dry to Normal, Sensitive Skin - 250 ml",714,4.4 out of 5 stars,"17,939",N/A,https://m.media-amazon.com/images/I/51qf9buO8zL._AC_UL320_.jpg,N/A
Aqualogica Detan+ Smoothie Face Wash with Glycolic Acid & Cherry Tomato for Men & Women for Tan removal,"Hydrates & Gentle Exfoliates -Oily, Dry, Sensitive & Combination Skin -100ml (Pack of 1)",196,4.0 out of 5 stars,"1,224",N/A,https://m.media-amazon.com/images/I/512krbcqLbL._AC_UL320_.jpg,N/A
Ozone D-Tan Face Wash | Enriched with Arbutin,"Bees Wax & Lactic Acid | Detan Face Wash For Men & Women | All Skin Types, Tan Removal, Deep Cleansing & Healthy Skin | 100ml",206,3.9 out of 5 stars,718,N/A,https://m.media-amazon.com/images/I/51L3wjphywL._AC_UL320_.jpg,N/A
D’Acne Soft Face Wash | Unclogs pores and prevents pimples | Stops recurrence of acne | Contains 1% Glycolic Acid,"Niacinamide |Suitable For Oily skin, Acne-prone Skin | Men & women | 100 ml",382,4.1 out of 5 stars,572,N/A,https://m.media-amazon.com/images/I/41pntRJu6gL._AC_UL320_.jpg,N/A
Lakme Vitamin C Brilliance Facewash 100g,Vitamin C Face Wash for Glowing and Brighter Skin | 100% Soap Free Cleanser,169,4.1 out of 5 stars,"1,437",N/A,https://m.media-amazon.com/images/I/51oShRv9x1L._AC_UL320_.jpg,N/A
Deconstruct Brightening Face Wash with 2% Niacinamide| Gentle,"Hydrating Cleanser for Sensitive, Combination, Normal & Tanned Skin | Reduces Pigmentation & Evens Tone|100ml",257,4.1 out of 5 stars,657,N/A,https://m.media-amazon.com/images/I/51epJPFl2aL._AC_UL320_.jpg,N/A
The Derma Co 1% Salicylic,Acid Gel Face Wash with Salicylic Acid & Witch Hazel for Active Acne - 100 ml,231,4.1 out of 5 stars,"7,100",N/A,https://m.media-amazon.com/images/I/51vdikp4tPS._AC_UL320_.jpg,N/A
Lotus Herbals 3 in 1 Deep Cleansing Facial Foam,Face Wash for Women & Men | Blocks Melanin Production | Acne-Control & Oil-Control | Fades Dark Spots ||100G,249,4.2 out of 5 stars,"15,827",N/A,https://m.media-amazon.com/images/I/616EoNUtZaL._AC_UL320_.jpg,N/A
Simple Kind To Skin Moisturising Facial Wash 150 ml for normal to dry skin,100% soap-free gentle cleanser for women & men,273,4.2 out of 5 stars,"5,187",N/A,https://m.media-amazon.com/images/I/51dmjCpx8tL._AC_UL320_.jpg,N/A
Dot & Key Mango Detan Gel Face Wash,Gently Cleanses Skin From Dirt & Oil | Fades Stubborn Tan | For All Skin Types | 100ml,224,4.2 out of 5 stars,201,N/A,https://m.media-amazon.com/images/I/718RZlVw3VL._AC_UL320_.jpg,N/A
Smart And Handsome 100% Oil Clear Instant Radiance Face Wash™,100g,211,4.0 out of 5 stars,"1,245",N/A,https://m.media-amazon.com/images/I/61dWlbKU7zL._AC_UL320_.jpg,N/A
Smart And Handsome Nature First,Healthy Radiance Face Wash 100g,160,4.0 out of 5 stars,224,N/A,https://m.media-amazon.com/images/I/71wl4p6i2jL._AC_UL320_.jpg,N/A
Smart and Handsome Instant Radiance Face Wash,Pro-Peptide | Instant Radiance| Washes of Fine Pollutants | Cooling Freshness | 100g,179,4.2 out of 5 stars,"1,146",N/A,https://m.media-amazon.com/images/I/518XLG4kxqL._AC_UL320_.jpg,N/A
mCaffeine Tan Removal Face Wash for Men & Women,Coffee Face Wash for Oily Skin & Normal Skin | Daily Use Face Cleanser for Hot & Humid Weather - 75ml,180,4.0 out of 5 stars,"1,824",N/A,https://m.media-amazon.com/images/I/517txCaQiTL._AC_UL320_.jpg,N/A
Activated Charcoal Fresh,Clear Skin | Paraben & Sulphates Free | For Women & Men | Deep Cleansing All Skin Types Face Wash (250 ml),79,N/A,N/A,N/A,https://m.media-amazon.com/images/I/71GAKJlHSZL._AC_UL320_.jpg,N/A
