Product Name,Product Features,Price (₹),Rating,Reviews,Product Link,Image URL
Parker Frontier Fountain Pen,Matte Black Body with Gold Trim | Blue Color Ink | Refillable Fine Nib Pen for Smooth Writing | A Premium Writing Experience for Everyone,720,4.1 out of 5 stars,"4,912",N/A,https://m.media-amazon.com/images/I/51z7I6lfD5L._AC_UL320_.jpg
Parker Vector Mettalix Fountain Pen with Quink Ink Bottle,"Ink Color Blue | Blue Body with Chrome Trim, Refillable Fine Nib Pen | Smooth Writing Gift Set for Students, Writers, and Professionals",467,4.3 out of 5 stars,"8,004",N/A,https://m.media-amazon.com/images/I/61gO6E9ljLL._AC_UL320_.jpg
Parker Vector Standard Fountain Pen with 1 Ink Cartridge,"Ink Color Blue | Black Body with Chrome Trim, Refillable Fine Nib Pen | Smooth Writing Pen for School, Office, or Gifting",355,4.1 out of 5 stars,"8,390",N/A,https://m.media-amazon.com/images/I/61t-Zv3n6-L._AC_UL320_.jpg
Parker Vector Standard Chrome Trim Calligraphy Fountain Pen,"7-Piece Set containts 2 Nibs, 2 Blue & 2 Black Ink Cartridges | Ideal for Creative Writing & Fine detailing",487,4.2 out of 5 stars,"5,283",N/A,https://m.media-amazon.com/images/I/61+eQXJCqsL._AC_UL320_.jpg
Parker Frontier Stainless Steel Gold Trim Fountain Pen,Corporate Gift | Ideal For Professional Use,676,4.1 out of 5 stars,"1,866",N/A,https://m.media-amazon.com/images/I/61-VMqEGfgL._AC_UL320_.jpg
Parker Vector CT Fountain Pen,Stainless Steel,576,4.2 out of 5 stars,898,N/A,https://m.media-amazon.com/images/I/614rz9f2c8L._AC_UL320_.jpg
Parker Vector Standard Fountain Pen |Ink Color Blue,"Fine Nib, Blue Body with Chrome Trim | Refillable Ink Pen with 3 Free Blue Ink Cartridges | A Premium Writing Experience for Everyone",334,4.1 out of 5 stars,"8,390",N/A,https://m.media-amazon.com/images/I/61LUAZxrUgL._AC_UL320_.jpg
Parker Vector Mettalix Fountain Pen with 1 Quink Ink Bottle,"Red Body with Chrome Trim | Quick-Drying Ink | Refillable Fine Nib Pen – Smooth Writing for Office, School, or Gifting",550,4.3 out of 5 stars,"8,004",N/A,https://m.media-amazon.com/images/I/61DnFx1CyRL._AC_UL320_.jpg
Parker Folio Stainless Steel Gold Trim Fountain Pen With 1 Ink Cartridge Free,Gift For Employees | Unique Gifts For Entrepreneurs,400,3.8 out of 5 stars,52,N/A,https://m.media-amazon.com/images/I/51nAM0rAgIL._AC_UL320_.jpg
Parker Folio Stainless Steel Chrome Trim Fountain Pen With 1 Ink Cartridge Free,Corporate Gift | Ideal For Professional Use,360,3.8 out of 5 stars,151,N/A,https://m.media-amazon.com/images/I/51lzCZcdw4L._AC_UL320_.jpg
Parker Beta Neo Chrome Trim Fountain Pen| Black Body Color With 1 Ink Cartridge,Ink Color - Blue | Gift For Employees | Unique Gifts For Entrepreneurs,135,3.9 out of 5 stars,561,N/A,https://m.media-amazon.com/images/I/71i3Xup7TdL._AC_UL320_.jpg
PARKER Frontier Gold Fountain Pen,Fine Nib,935,4.2 out of 5 stars,149,N/A,https://m.media-amazon.com/images/I/510J-e2ZXLL._AC_UL320_.jpg
Parker Vector Mettalix Chrome Trim Fountain Pen with Quink Ink Bottle - Blue,"Refillable Fountain Pen for Professionals, Students | Ergonomically crafted for comfortable, fatigue-free writing",550,4.3 out of 5 stars,"8,004",N/A,https://m.media-amazon.com/images/I/7169Snu1+ZL._AC_UL320_.jpg
Parker Vector Standard CT Fountain Pen,Red,331,4.1 out of 5 stars,"8,390",N/A,https://m.media-amazon.com/images/I/517umVY4etL._AC_UL320_.jpg
Parker Vector Standard Gold Trim,Fountain Pen| Metallic Blue Body Colour| Ink Colour – Blue,357,3.9 out of 5 stars,45,N/A,https://m.media-amazon.com/images/I/61CrlHPuEWL._AC_UL320_.jpg
Parker Frontier Matte Black Chrome Trim Fountain Pen,Corporate Gift | Ideal For Professional Use,676,3.7 out of 5 stars,15,N/A,https://m.media-amazon.com/images/I/61h3ZO9-VRL._AC_UL320_.jpg
Parker Vector Stainless Steel GT,Fountain Pen,664,4.3 out of 5 stars,"1,541",N/A,https://m.media-amazon.com/images/I/714820XV+QL._AC_UL320_.jpg
Parker Beta Neo Chrome Trim Fountain Pen| Blue Body Color With 1 Ink Cartridge,Ink Color - Blue | Unique Gift For Employees | Leading Pen For Corporate,135,3.8 out of 5 stars,409,N/A,https://m.media-amazon.com/images/I/61xzdrS1zXL._AC_UL320_.jpg
Parker Vector Standard Chrome Trim Fountain Pen (Fine Nib),Orange Body Color With 3 Ink Cartridge | Gift For Leading Entrepresenurs | Leading Pen For Professionals,334,4.1 out of 5 stars,"8,390",N/A,https://m.media-amazon.com/images/I/31gyN1jBJOL._AC_UL320_.jpg
Parker Aster Matte Black |Gold,Trim |Fountain Pen- Medium Nib,"1,556",4.3 out of 5 stars,17,N/A,https://m.media-amazon.com/images/I/61QDY7QYNML._AC_UL320_.jpg
Parker Aster Lacque Black |Chrome,Trim |Fountain Pen - Medium Nib,"1,249",4.8 out of 5 stars,6,N/A,https://m.media-amazon.com/images/I/61sPXW6hwwL._AC_UL320_.jpg
Parker Vector GT Fountain Pen,Matte Black,850,4.2 out of 5 stars,"2,718",N/A,https://m.media-amazon.com/images/I/61uLkzAhB8L._AC_UL320_.jpg
Parker Odyssey Brushed Metal| Gold,Trim |Fountain Pen,"2,293",4.3 out of 5 stars,6,N/A,https://m.media-amazon.com/images/I/21SOocCJpcL._AC_UL320_.jpg
Parker Frontier Stainless Steel Chrome,Trim Fountain Pen,713,4.2 out of 5 stars,262,N/A,https://m.media-amazon.com/images/I/512L9Wdn-AL._AC_UL320_.jpg
Parker(luxar) Vector Nib Fountain Pen,N/A,200,4.4 out of 5 stars,393,N/A,https://m.media-amazon.com/images/I/41UiTukbDQL._AC_UL320_.jpg
Parker(luxar) Frontier Gold Fountain Pen -Blue,1 Piece,990,4.3 out of 5 stars,147,N/A,https://m.media-amazon.com/images/I/61UAaaN0veL._AC_UL320_.jpg
Parker Vector Gold GT Fountain,Pen + Quink Ink Bottle - Blue (30ML),"1,000",4.3 out of 5 stars,126,N/A,https://m.media-amazon.com/images/I/71m5MgHwNYL._AC_UL320_.jpg
Parker Aster Shiny Chrome |Gold,Trim |Fountain Pen - Medium Nib,"1,425",4.3 out of 5 stars,54,N/A,https://m.media-amazon.com/images/I/71Dn4IO4IKL._AC_UL320_.jpg
Parker Vector Standard Calligraphy CT Fountain Pen (Black),1 Count (Pack of 1) (9000017373),490,4.2 out of 5 stars,"5,283",N/A,https://m.media-amazon.com/images/I/61g973ERzuL._AC_UL320_.jpg
Parker Beta Premium Gold Trim Fountain Pen with 1 Ink Cartridge,Ink Color - Blue | Intutive Design | Comfortable grip,210,3.7 out of 5 stars,384,N/A,https://m.media-amazon.com/images/I/61pr7ScaDvL._AC_UL320_.jpg
Parker Beta Neo CT,Fountain Pen | Body Color - Red | Ink Color - Blue,135,3.8 out of 5 stars,358,N/A,https://m.media-amazon.com/images/I/71djvqScpUL._AC_UL320_.jpg
Parker Vector Mettalix Fountain Pen (Blue),Quick Ink Bottle,467,3.6 out of 5 stars,27,N/A,https://m.media-amazon.com/images/I/71UaDq4hVEL._AC_UL320_.jpg
Parker Vector Standard Fountain Pen,Roller Ball Pen and Ball Pen - (Blue),N/A,4.0 out of 5 stars,966,N/A,https://m.media-amazon.com/images/I/61d2rY8LKeL._AC_UL320_.jpg
Parker Vector Standard Calligraphy CT Fountain Pen + 2N Black & 2N Blue Ink Cartridges,7 Piece Set (9000017374),479,4.2 out of 5 stars,"5,283",N/A,https://m.media-amazon.com/images/I/71vMRotrUwL._AC_UL320_.jpg
Parker Beta NEO Fountain Pen,Sea Green Body Color |Ink Color - Blue,150,3.8 out of 5 stars,5,N/A,https://m.media-amazon.com/images/I/717aBbTjfqL._AC_UL320_.jpg
Parker Odyssey Lacque Black |Gold,Trim |Fountain Pen - Medium Nib,"2,250",2.9 out of 5 stars,7,N/A,https://m.media-amazon.com/images/I/41oZhbToQaL._AC_UL320_.jpg
Parker Beta Premium Chrome Trim Fountain Pen,Gold Finish Cap With 1 Ink Cartridge | Ink Color - Blue | Best For Employees | Unique Gifts For Entrepreneurs,205,3.8 out of 5 stars,874,N/A,https://m.media-amazon.com/images/I/61jg1ngvcHL._AC_UL320_.jpg
Parker Aster Brushed Metal |Gold,Trim |Fountain Pen,"1,638",4.2 out of 5 stars,23,N/A,https://m.media-amazon.com/images/I/71kGyJQfhPL._AC_UL320_.jpg
Parker Vector Standard chrome Trim Fountain Pen,Metallic Blue Body Colour| Ink Colour – Blue,340,3.4 out of 5 stars,10,N/A,https://m.media-amazon.com/images/I/61f2PZrN4fL._AC_UL320_.jpg
Parker(luxar) Frontier Gold Fountain Pen,Blue and Black Ink Bottle,"1,095",4.5 out of 5 stars,54,N/A,https://m.media-amazon.com/images/I/61s5J8nGkrL._AC_UL320_.jpg
Parker Vector Standard CT Fountain Pen (Blue Ink),2 Piece Set (9000022731),355,4.1 out of 5 stars,612,N/A,https://m.media-amazon.com/images/I/41DnaSD3YCL._AC_UL320_.jpg
Parker Vector Matte Black CT,Fountain Pen,750,4.2 out of 5 stars,"2,718",N/A,https://m.media-amazon.com/images/I/61lu+gTyinL._AC_UL320_.jpg
Parker Frontier Matte Black Fountain Pen,Gunmetal Trim,746,3.9 out of 5 stars,7,N/A,https://m.media-amazon.com/images/I/71NiZmYLM9L._AC_UL320_.jpg
Success Stationery Hero Pen Fountain Pen Original Ink Pen Smooth Iridium Tip Nib Refillable Gold Arrow Pattern Model 336 Gold Trim Cap,Black Green Maroon - Pack of 3,599,4.1 out of 5 stars,"1,027",N/A,https://m.media-amazon.com/images/I/61J9L4Bi5jL._AC_UL320_.jpg
Parker Beta Neo Chrome Trim Fountain Pen| Blue Body Color With 1 Ink Cartridge,"Ink Color - Blue | Unique Gift For Employees | Leading Pen For Corporate Quink Ink Bottle, Blue",235,5.0 out of 5 stars,2,N/A,https://m.media-amazon.com/images/I/61j+-QbWiNL._AC_UL320_.jpg
Parker Beta Neo Chrome Trim Fountain Pen| Black Body Color With 1 Ink Cartridge,"Ink Color - Blue | Gift For Employees | Unique Gifts For Entrepreneurs Quink Ink Bottle, Blue",235,5.0 out of 5 stars,2,N/A,https://m.media-amazon.com/images/I/61UC1jGMRRL._AC_UL320_.jpg
Parker Im Monochrome Titanium Trim,Fountain Pen Â€“ Medium Nib.,"5,220",5.0 out of 5 stars,1,N/A,https://m.media-amazon.com/images/I/41yRHVJytqL._AC_UL320_.jpg
Parker 51 Fountain Pen,Midnight Blue Barrel with Chrome Trim | Fine Nib with Black Ink Cartridge | Gift Box,"7,650",4.1 out of 5 stars,372,N/A,https://m.media-amazon.com/images/I/51wdbum9RlL._AC_UL320_.jpg
Parker Aster Matte Blue |Gold,Trim |Fountain Pen - Medium Nib,"1,699",4.4 out of 5 stars,180,N/A,https://m.media-amazon.com/images/I/71BuG2NHjLL._AC_UL320_.jpg
Parker 51 Fountain Pen,Teal Blue Barrel with Chrome Trim | Fine Nib with Black Ink Cartridge | Gift Box,"7,650",4.1 out of 5 stars,163,N/A,https://m.media-amazon.com/images/I/91IBuK1-HTL._AC_UL320_.jpg
Parker Gift Set- (Parker Frontier Matte Black Gold Trim Fountain Pen With Card Holder) 1 Pen+ 1 Card Holder| Ink Color - Blue| Gift Set,Gifts For Employees,749,3.9 out of 5 stars,473,N/A,https://m.media-amazon.com/images/I/71A4fwU2DfL._AC_UL320_.jpg
Parker Vector Standard CT Fountain,Pen - Black + Quink Ink Bottle - Black (30ML),488,4.1 out of 5 stars,221,N/A,https://m.media-amazon.com/images/I/61QeaWMD0HL._AC_UL320_.jpg
Parker Quink Ink Bottle,"Blue Ink – 30ml | Fountain Pen Ink | Smooth Flow, Quick-Drying | Washable | Suitable for All Parker Fountain Pens",100,4.3 out of 5 stars,"6,298",N/A,https://m.media-amazon.com/images/I/51DyGOx1RkL._AC_UL320_.jpg
Parker Frontier Matte Black GT,Fountain Pen + Quink Ink Bottle - Blue (30ML),890,3.8 out of 5 stars,123,N/A,https://m.media-amazon.com/images/I/41yKzKzNHsL._AC_UL320_.jpg
Parker Aster Matte Black |Chrome,Trim |Fountain Pen - Medium Nib,"1,422",3.7 out of 5 stars,16,N/A,https://m.media-amazon.com/images/I/31NrnBZZJpL._AC_UL320_.jpg
Parker Frontier Spare Nib Use,In Frontier Fountain Pen Only,235,4.0 out of 5 stars,33,N/A,https://m.media-amazon.com/images/I/41r67KO0fvL._AC_UL320_.jpg
Parker Beta Premium Silver Fountain,Pen and Gift Bag,245,3.0 out of 5 stars,11,N/A,https://m.media-amazon.com/images/I/515ieP3zWCL._AC_UL320_.jpg
Parker fountain pen beta gold premium,ink bottle,245,3.6 out of 5 stars,46,N/A,https://m.media-amazon.com/images/I/51VXNL0ovkL._AC_UL320_.jpg
Parker Aster Brushed Metal |Chrome,Trim |Fountain Pen,"1,506",3.8 out of 5 stars,17,N/A,https://m.media-amazon.com/images/I/41ZpJuoGATL._AC_UL320_.jpg
Parker Aster Fountain Pen,Body Color - Blue | Ink Color - Blue,"1,339",4.2 out of 5 stars,104,N/A,https://m.media-amazon.com/images/I/71QHx31xnpL._AC_UL320_.jpg
Parker Beta Premium Chrome Trim Fountain Pen| Silver Finish Cap With 1 Ink Cartridge| Ink Color - Blue,Corporate Gift | Ideal For Professional Use,210,3.9 out of 5 stars,823,N/A,https://m.media-amazon.com/images/I/61Xe8x5uBiL._AC_UL320_.jpg
Parker Frontier Matte Black Gold Trim Fountain Pen,Leading Pen For Corporate,820,5.0 out of 5 stars,1,N/A,https://m.media-amazon.com/images/I/61oSf9R3jDL._AC_UL320_.jpg
Parker Beta NEO Fountain Pen,Pale Pink Body Color |Ink Color - Blue,145,3.4 out of 5 stars,3,N/A,https://m.media-amazon.com/images/I/61Opr6xvHmL._AC_UL320_.jpg
"Parker Vector Fountain Pen, Refillable, Gold Trim, Stainless Steel","Free Wallet, Gold Nib (1 Count, Ink - Blue), Ideal for Gifting, Luxurious Pen for Professionals",935,3.7 out of 5 stars,39,N/A,https://m.media-amazon.com/images/I/51IZfPcAsXL._AC_UL320_.jpg
GOLD LEAF JINHAO 35 Series Fountain Pen (Matte Black,Extra Fine Nib 0.3mm),454,4.0 out of 5 stars,"2,047",N/A,https://m.media-amazon.com/images/I/41YlIRzlQPL._AC_UL320_.jpg
Parker Aster Brushed Metal Fountain Pen,Gold Trim,"1,800",4.7 out of 5 stars,4,N/A,https://m.media-amazon.com/images/I/41iC2UL2AEL._AC_UL320_.jpg
Pierre Cardin Penomatic Premium Fountain Pen,Luxurious Glossy Finish Body with Silver Finish Cap | Free Coverter & Cartridges | Ideal for Festive & Corporate Gifting,150,4.1 out of 5 stars,403,N/A,https://m.media-amazon.com/images/I/61pEYb8KDCL._AC_UL320_.jpg
GOLD LEAF Baoer 79 Starwalker Black Fountain Pen,Silver Trim Checked (Black),399,4.3 out of 5 stars,501,N/A,https://m.media-amazon.com/images/I/41JKo+HGhnL._AC_UL320_.jpg
"Parker S0856270 Im Fountain Pen, Medium Nib - Black Lacquer",Chrome Trim,"2,375",4.0 out of 5 stars,94,N/A,https://m.media-amazon.com/images/I/31rhaw4Zg7S._AC_UL320_.jpg
Parker Fountain Pen Quink Ink Cartridges,"Black Color Ink | Pack of 3 | Quick-Drying Ink | Smooth, Precise Writing Refill Cartridge – Easy to Install for Parker Fountain Pens",100,4.3 out of 5 stars,"1,382",N/A,https://m.media-amazon.com/images/I/419grzupWTL._AC_UL320_.jpg
Parker Aster Matte Brown |Gold,Trim |Fountain Pen - Medium Nib,"1,620",4.3 out of 5 stars,163,N/A,https://m.media-amazon.com/images/I/81ZM9UDUZEL._AC_UL320_.jpg
Parker Beta NEO Fountain Pen,Light Blue Body Color |Ink Color - Blue,150,N/A,N/A,N/A,https://m.media-amazon.com/images/I/61Llgl3AO5L._AC_UL320_.jpg
Parker Aster shiny chrome gt,Fountain Pen,"1,710",4.0 out of 5 stars,17,N/A,https://m.media-amazon.com/images/I/51Sp1tkoYsL._AC_UL320_.jpg
Parker Beta Neo Chrome Trim Fountain Pen| Red Body Color With 1 Ink Cartridge,"Ink Color - Blue | Corporate Gift | Ideal For Personal & Professional Use Quink Ink Bottle, Blue",235,5.0 out of 5 stars,1,N/A,https://m.media-amazon.com/images/I/61OQW2PJbUL._AC_UL320_.jpg
PARKER 51 Forest Green GT,Fountain Pen – FINE Nib,"14,685",5.0 out of 5 stars,1,N/A,https://m.media-amazon.com/images/I/41k9ENbb3qL._AC_UL320_.jpg
Parker Ambient Rose Gold |Black,Metal Trim |Ball Pen,"1,757",4.2 out of 5 stars,17,N/A,https://m.media-amazon.com/images/I/51CbHcioeqL._AC_UL320_.jpg
Camlin Elegante Fountain Pen -,Black/Blue/Red,225,4.1 out of 5 stars,"6,105",N/A,https://m.media-amazon.com/images/I/41hjK1ALseL._AC_UL320_.jpg
Parker Vector Gold GT Fountain,Pen + Quink Ink Bottle - Black (30ML),990,4.0 out of 5 stars,51,N/A,https://m.media-amazon.com/images/I/41-zyA1MDyL._AC_UL320_.jpg
Pierre Cardin Kriss White Gold Premium Fountain Pen,Luxurious Golden Trim & Nib | Free Ink Converter and Cartridges | Ideal for Festive & Corporate Gifting,350,3.7 out of 5 stars,196,N/A,https://m.media-amazon.com/images/I/31FLSS5cKUL._AC_UL320_.jpg
PARKER IM Monochrome Champagne Trim,Fountain Pen – Medium Nib,"4,375",4.8 out of 5 stars,6,N/A,https://m.media-amazon.com/images/I/41SW-oFXnnL._AC_UL320_.jpg
Parker Special Edition Vector Time Check Gold Trim Roller Ball Pen,Ink Color Blue | Navigator Technology | Moulded Cap & barrel in world wide time Zones,314,4.2 out of 5 stars,"3,035",N/A,https://m.media-amazon.com/images/I/71m-Qd-9BCL._AC_UL320_.jpg
Parker Aster matt black gt,Fountain Pen,"1,685",3.6 out of 5 stars,21,N/A,https://m.media-amazon.com/images/I/51poHMsdkhL._AC_UL320_.jpg
Parker Frontier Stainless Steel Fountain Pen,"Chrome Trim, Ideal for Office Professionals, College Students, and Personal Use, Sleek Design and Durable Construction",700,4.5 out of 5 stars,2,N/A,https://m.media-amazon.com/images/I/41NttxC0a6L._AC_UL320_.jpg
BUZZ COOL Black Fountain Ink Pen With Refill Converter Pump,Elegant Plastic Body Fountain Pen with Fine Nib(0.5mm) | Zero Ink Leakage Smooth Writing Ink Pen,298,3.8 out of 5 stars,"1,131",N/A,https://m.media-amazon.com/images/I/51Tk86xZkOL._AC_UL320_.jpg
Parker Vector Matte Black GT,Fountain Pen + Quink Ink Bottle - Blue (30ML),814,4.0 out of 5 stars,38,N/A,https://m.media-amazon.com/images/I/41iPzskfDYL._AC_UL320_.jpg
Parker Vector Gold Fountain Pen(9000014375) Vector CT Fountain Pen,Stainless Steel,"1,350",4.3 out of 5 stars,"2,033",N/A,https://m.media-amazon.com/images/I/41a6c0ZAZ9L._AC_UL320_.jpg
Parker Beta Premium FP GT Fountain Pen,Free Ink Cart (Silver),226,4.0 out of 5 stars,131,N/A,https://m.media-amazon.com/images/I/61hv8BepTrL._AC_UL320_.jpg
Cello Signature Crème Ivory Fountain Pen,Blue Ink | 1 Fountain Pen + Ink Cartridge | Iridium Nib | Premium Metal Pen for Gift | Stylish Corporate & New Year Gifts for Men & Women,329,3.9 out of 5 stars,"1,107",N/A,https://m.media-amazon.com/images/I/71lhu0WuU8L._AC_UL320_.jpg
Parker Beta Neo Chrome Trim Fountain Pen,"Blue Body and Ink Cartridge, plus Quink Cartridge (Black Ink) for Quick-Drying, No-Smear Writing.",235,N/A,N/A,N/A,https://m.media-amazon.com/images/I/61QKp0n-HyL._AC_UL320_.jpg
Parker Aster Matte Brown |Chrome,Trim |Fountain Pen- Medium Nib,"1,430",4.2 out of 5 stars,58,N/A,https://m.media-amazon.com/images/I/71V0Fi9rpxL._AC_UL320_.jpg
Parker Vector Standard Fountain Pen,Roller Ball Pen and Ball Pen (Red),810,4.0 out of 5 stars,209,N/A,https://m.media-amazon.com/images/I/91GQlrPWU6L._AC_UL320_.jpg
Parker Vector Matte Black GT,Fountain Pen + Quink Ink Bottle - Black (30ML),850,3.9 out of 5 stars,19,N/A,https://m.media-amazon.com/images/I/413vxecmY+L._AC_UL320_.jpg
Parker Aster LACQUE Black Chrome,Plated Trim Fountain Pen – Medium Nib,"1,650",4.6 out of 5 stars,2,N/A,https://m.media-amazon.com/images/I/41RXjLCPtML._AC_UL320_.jpg
Parker Beta Fountain Pen Chrome Trim,Body Color - Silver | Ink Color - Blue,210,3.7 out of 5 stars,339,N/A,https://m.media-amazon.com/images/I/61p0O7CqtGL._AC_UL320_.jpg
Savri Personalized Parker Fountain ink Pen,"Name Engraved - Gifting on Any Special Occasion - Matt Black, Golden Clip Teachers Day Gift - Name Printed on It - Personalized, Customized, Customised","1,139",4.2 out of 5 stars,102,N/A,https://m.media-amazon.com/images/I/41nc5a1lBqL._AC_UL320_.jpg
Parker Beta Premium Fountain Pen,Gold Finish Cap,220,3.6 out of 5 stars,150,N/A,https://m.media-amazon.com/images/I/413xlLfsfsL._AC_UL320_.jpg
